{
    "name": "root",
    "metadata": {
        "timer_format_version": "0.1.0",
        "start_time_seconds": "1764792663",
        "python_version": "3.10.10 (v3.10.10:aad5f6a891, Feb  7 2023, 08:47:40) [Clang 13.0.0 (clang-1300.0.29.30)]",
        "command_line_arguments": "/Users/sb2/ROBOT GAME/myvenv/bin/mlagents-learn robot_sumo_config.yaml --run-id=robot_sumo_v2 --force",
        "mlagents_version": "1.1.0",
        "mlagents_envs_version": "1.1.0",
        "communication_protocol_version": "1.5.0",
        "pytorch_version": "2.2.2",
        "numpy_version": "1.23.5",
        "end_time_seconds": "1764792778"
    },
    "total": 114.36584154900629,
    "count": 1,
    "self": 0.009351061016786844,
    "children": {
        "run_training.setup": {
            "total": 0.044344686990370974,
            "count": 1,
            "self": 0.044344686990370974
        },
        "TrainerController.start_learning": {
            "total": 114.31214580099913,
            "count": 1,
            "self": 0.006707424035994336,
            "children": {
                "TrainerController._reset_env": {
                    "total": 46.35458720900351,
                    "count": 1,
                    "self": 46.35458720900351
                },
                "TrainerController.advance": {
                    "total": 67.76773847096774,
                    "count": 317,
                    "self": 0.006478850889834575,
                    "children": {
                        "env_step": {
                            "total": 67.74792216002243,
                            "count": 317,
                            "self": 67.46016979236447,
                            "children": {
                                "SubprocessEnvManager._take_step": {
                                    "total": 0.28365192090859637,
                                    "count": 317,
                                    "self": 0.019563026857213117,
                                    "children": {
                                        "TorchPolicy.evaluate": {
                                            "total": 0.26408889405138325,
                                            "count": 317,
                                            "self": 0.26408889405138325
                                        }
                                    }
                                },
                                "workers": {
                                    "total": 0.004100446749362163,
                                    "count": 316,
                                    "self": 0.0,
                                    "children": {
                                        "worker_root": {
                                            "total": 6.855591193001601,
                                            "count": 316,
                                            "is_parallel": true,
                                            "self": 2.424001630875864,
                                            "children": {
                                                "steps_from_proto": {
                                                    "total": 0.0023371919960482046,
                                                    "count": 1,
                                                    "is_parallel": true,
                                                    "self": 0.0002097730030072853,
                                                    "children": {
                                                        "_process_rank_one_or_two_observation": {
                                                            "total": 0.0021274189930409193,
                                                            "count": 2,
                                                            "is_parallel": true,
                                                            "self": 0.0021274189930409193
                                                        }
                                                    }
                                                },
                                                "UnityEnvironment.step": {
                                                    "total": 4.429252370129689,
                                                    "count": 316,
                                                    "is_parallel": true,
                                                    "self": 0.02354394004214555,
                                                    "children": {
                                                        "UnityEnvironment._generate_step_input": {
                                                            "total": 0.07539799388905521,
                                                            "count": 316,
                                                            "is_parallel": true,
                                                            "self": 0.07539799388905521
                                                        },
                                                        "communicator.exchange": {
                                                            "total": 4.260911712190136,
                                                            "count": 316,
                                                            "is_parallel": true,
                                                            "self": 4.260911712190136
                                                        },
                                                        "steps_from_proto": {
                                                            "total": 0.06939872400835156,
                                                            "count": 316,
                                                            "is_parallel": true,
                                                            "self": 0.033751574184861965,
                                                            "children": {
                                                                "_process_rank_one_or_two_observation": {
                                                                    "total": 0.0356471498234896,
                                                                    "count": 632,
                                                                    "is_parallel": true,
                                                                    "self": 0.0356471498234896
                                                                }
                                                            }
                                                        }
                                                    }
                                                }
                                            }
                                        }
                                    }
                                }
                            }
                        },
                        "trainer_advance": {
                            "total": 0.013337460055481642,
                            "count": 316,
                            "self": 0.012263798125786707,
                            "children": {
                                "process_trajectory": {
                                    "total": 0.0010736619296949357,
                                    "count": 316,
                                    "self": 0.0010736619296949357
                                }
                            }
                        }
                    }
                },
                "TrainerController._save_models": {
                    "total": 0.18311269699188415,
                    "count": 1,
                    "self": 0.0013585289852926508,
                    "children": {
                        "RLTrainer._checkpoint": {
                            "total": 0.1817541680065915,
                            "count": 1,