{
    "name": "root",
    "gauges": {
        "RobotAgent.Policy.Entropy.mean": {
            "value": 1.351467251777649,
            "min": 1.351467251777649,
            "max": 1.351467251777649,
            "count": 1
        },
        "RobotAgent.Policy.Entropy.sum": {
            "value": 2346.147216796875,
            "min": 2346.147216796875,
            "max": 2346.147216796875,
            "count": 1
        },
        "RobotAgent.Environment.EpisodeLength.mean": {
            "value": 215.75,
            "min": 215.75,
            "max": 215.75,
            "count": 1
        },
        "RobotAgent.Environment.EpisodeLength.sum": {
            "value": 1726.0,
            "min": 1726.0,
            "max": 1726.0,
            "count": 1
        },
        "RobotAgent.Self-play.ELO.mean": {
            "value": 78.79988052191058,
            "min": 78.79988052191058,
            "max": 78.79988052191058,
            "count": 1
        },
        "RobotAgent.Self-play.ELO.sum": {
            "value": 630.3990441752846,
            "min": 630.3990441752846,
            "max": 630.3990441752846,
            "count": 1
        },
        "RobotAgent.Step.mean": {
            "value": 1169979.0,
            "min": 1169979.0,
            "max": 1169979.0,
            "count": 1
        },
        "RobotAgent.Step.sum": {
            "value": 1169979.0,
            "min": 1169979.0,
            "max": 1169979.0,
            "count": 1
        },
        "RobotAgent.Policy.ExtrinsicValueEstimate.mean": {
            "value": 0.342147558927536,
            "min": 0.342147558927536,
            "max": 0.342147558927536,
            "count": 1
        },
        "RobotAgent.Policy.ExtrinsicValueEstimate.sum": {
            "value": 2.0528852939605713,
            "min": 2.0528852939605713,
            "max": 2.0528852939605713,
            "count": 1
        },
        "RobotAgent.Environment.CumulativeReward.mean": {
            "value": 1.6000433564186096,
            "min": 1.6000433564186096,
            "max": 1.6000433564186096,
            "count": 1
        },
        "RobotAgent.Environment.CumulativeReward.sum": {
            "value": 9.600260138511658,
            "min": 9.600260138511658,
            "max": 9.600260138511658,
            "count": 1
        },
        "RobotAgent.Policy.ExtrinsicReward.mean": {
            "value": 1.6000433564186096,
            "min": 1.6000433564186096,
            "max": 1.6000433564186096,
            "count": 1
        },
        "RobotAgent.Policy.ExtrinsicReward.sum": {
            "value": 9.600260138511658,
            "min": 9.600260138511658,
            "max": 9.600260138511658,
            "count": 1
        },
        "RobotAgent.IsTraining.mean": {
            "value": 1.0,
            "min": 1.0,
            "max": 1.0,
            "count": 1
        },
        "RobotAgent.IsTraining.sum": {
            "value": 1.0,
            "min": 1.0,
            "max": 1.0,
            "count": 1
        }
    },
    "metadata": {
        "timer_format_version": "0.1.0",
        "start_time_seconds": "1764879007",
        "python_version": "3.10.10 (v3.10.10:aad5f6a891, Feb  7 2023, 08:47:40) [Clang 13.0.0 (clang-1300.0.29.30)]",
        "command_line_arguments": "/Users/sb2/ROBOT GAME/myvenv/bin/mlagents-learn robot_sumo_config.yaml --run-id=robot_sumo_v2 --resume",
        "mlagents_version": "1.1.0",
        "mlagents_envs_version": "1.1.0",
        "communication_protocol_version": "1.5.0",
        "pytorch_version": "2.2.2",
        "numpy_version": "1.23.5",
        "end_time_seconds": "1764879365"
    },
    "total": 357.4407202450093,
    "count": 1,
    "self": 0.009367717982968315,
    "children": {
        "run_training.setup": {
            "total": 0.07446534201153554,
            "count": 1,
            "self": 0.07446534201153554
        },
        "TrainerController.start_learning": {
            "total": 357.3568871850148,
            "count": 1,
            "self": 0.12974511308129877,
            "children": {
                "TrainerController._reset_env": {
                    "total": 11.821373906015651,
                    "count": 2,
                    "self": 11.821373906015651
                },
                "TrainerController.advance": {
                    "total": 345.2197875659331,
                    "count": 3899,
                    "self": 0.11198635419714265,
                    "children": {
                        "env_step": {
                            "total": 344.01561881878297,
                            "count": 3899,
                            "self": 339.0403548046015,
                            "children": {
                                "SubprocessEnvManager._take_step": {
                                    "total": 4.897619373718044,
                                    "count": 3899,
                                    "self": 0.3748777291330043,
                                    "children": {
                                        "TorchPolicy.evaluate": {
                                            "total": 4.5227416445850395,
                                            "count": 3879,
                                            "self": 4.5227416445850395
                                        }
                                    }
                                },
                                "workers": {
                                    "total": 0.07764464046340436,
                                    "count": 3898,
                                    "self": 0.0,
                                    "children": {
                                        "worker_root": {
                                            "total": 250.2904069776705,
                                            "count": 3898,
                                            "is_parallel": true,
                                            "self": 12.916065871308092,
                                            "children": {
                                                "steps_from_proto": {
                                                    "total": 0.0027145809726789594,
                                                    "count": 2,
                                                    "is_parallel": true,
                                                    "self": 0.0003006309561897069,
                                                    "children": {
                                                        "_process_rank_one_or_two_observation": {
                                                            "total": 0.0024139500164892524,
                                                            "count": 4,
                                                            "is_parallel": true,
                                                            "self": 0.0024139500164892524
                                                        }
                                                    }
                                                },
                                                "UnityEnvironment.step": {
                                                    "total": 237.37162652538973,
                                                    "count": 3898,
                                                    "is_parallel": true,
                                                    "self": 0.42766399204265326,
                                                    "children": {
                                                        "UnityEnvironment._generate_step_input": {
                                                            "total": 1.443178168090526,
                                                            "count": 3898,
                                                            "is_parallel": true,
                                                            "self": 1.443178168090526
                                                        },